{
  "name": "filelogger",
  "version": "1.3.0",
  "homepage": "https://github.com/pbakondy/filelogger",
  "authors": [
    "Peter Bakondy <pbakondy@gmail.com>"
  ],
  "description": "Cordova library to log messages to local filesystem",
  "main": "./dist/filelogger.min.js",
  "ignore": [
    "**/.*",
    "gulpfile.js",
    "src",
    "config"
  ],
  "dependencies": {
    "ngCordova": ">= 0.1.14-alpha"
  },
  "keywords": [
    "cordova",
    "cordova plugin",
    "ionic",
    "ionic plugin",
    "angular module",
    "log",
    "logger",
    "file logger"
  ],
  "license": "MIT",
  "_release": "1.3.0",
  "_resolution": {
    "type": "version",
    "tag": "v1.3.0",
    "commit": "9500dca94558ffb27de6416c6031ddf54e183265"
  },
  "_source": "git://github.com/pbakondy/filelogger.git",
  "_target": "~1.3.0",
  "_originalSource": "filelogger",
  "_direct": true
}